{
  "t": 1,
  "node_id": 17990481609332628883,
  "client_id": 22,
  "num_partitions": 25,
  "alpha": 0.2,
  "n_total": 1812,
  "n_train": 1450,
  "n_test": 362,
  "train_per_class": {
    "0": {
      "count": 116,
      "pct": 8.0,
      "name": "airplane"
    },
    "3": {
      "count": 1,
      "pct": 0.06896551724137931,
      "name": "cat"
    },
    "4": {
      "count": 23,
      "pct": 1.5862068965517242,
      "name": "deer"
    },
    "5": {
      "count": 8,
      "pct": 0.5517241379310345,
      "name": "dog"
    },
    "6": {
      "count": 1262,
      "pct": 87.03448275862068,
      "name": "frog"
    },
    "8": {
      "count": 20,
      "pct": 1.3793103448275863,
      "name": "ship"
    },
    "9": {
      "count": 20,
      "pct": 1.3793103448275863,
      "name": "truck"
    }
  },
  "test_per_class": {
    "0": {
      "count": 22,
      "pct": 6.077348066298343,
      "name": "airplane"
    },
    "4": {
      "count": 3,
      "pct": 0.8287292817679558,
      "name": "deer"
    },
    "5": {
      "count": 2,
      "pct": 0.5524861878453039,
      "name": "dog"
    },
    "6": {
      "count": 329,
      "pct": 90.88397790055248,
      "name": "frog"
    },
    "8": {
      "count": 4,
      "pct": 1.1049723756906078,
      "name": "ship"
    },
    "9": {
      "count": 2,
      "pct": 0.5524861878453039,
      "name": "truck"
    }
  }
}