{
  "t": 1,
  "node_id": 3704391130178933415,
  "client_id": 5,
  "num_partitions": 25,
  "alpha": 0.2,
  "n_total": 1909,
  "n_train": 1527,
  "n_test": 382,
  "train_per_class": {
    "0": {
      "count": 6,
      "pct": 0.3929273084479371,
      "name": "airplane"
    },
    "1": {
      "count": 104,
      "pct": 6.810740013097577,
      "name": "automobile"
    },
    "2": {
      "count": 261,
      "pct": 17.092337917485267,
      "name": "bird"
    },
    "3": {
      "count": 13,
      "pct": 0.8513425016371972,
      "name": "cat"
    },
    "4": {
      "count": 13,
      "pct": 0.8513425016371972,
      "name": "deer"
    },
    "5": {
      "count": 26,
      "pct": 1.7026850032743943,
      "name": "dog"
    },
    "6": {
      "count": 149,
      "pct": 9.757694826457106,
      "name": "frog"
    },
    "7": {
      "count": 3,
      "pct": 0.19646365422396855,
      "name": "horse"
    },
    "8": {
      "count": 914,
      "pct": 59.85592665356909,
      "name": "ship"
    },
    "9": {
      "count": 38,
      "pct": 2.4885396201702683,
      "name": "truck"
    }
  },
  "test_per_class": {
    "1": {
      "count": 16,
      "pct": 4.18848167539267,
      "name": "automobile"
    },
    "2": {
      "count": 63,
      "pct": 16.49214659685864,
      "name": "bird"
    },
    "3": {
      "count": 5,
      "pct": 1.3089005235602094,
      "name": "cat"
    },
    "4": {
      "count": 6,
      "pct": 1.5706806282722514,
      "name": "deer"
    },
    "5": {
      "count": 7,
      "pct": 1.8324607329842932,
      "name": "dog"
    },
    "6": {
      "count": 56,
      "pct": 14.659685863874346,
      "name": "frog"
    },
    "8": {
      "count": 221,
      "pct": 57.853403141361255,
      "name": "ship"
    },
    "9": {
      "count": 8,
      "pct": 2.094240837696335,
      "name": "truck"
    }
  }
}