{
  "t": 1,
  "node_id": 689219850579208265,
  "client_id": 24,
  "num_partitions": 25,
  "alpha": 0.2,
  "n_total": 2406,
  "n_train": 1925,
  "n_test": 481,
  "train_per_class": {
    "0": {
      "count": 236,
      "pct": 12.25974025974026,
      "name": "airplane"
    },
    "1": {
      "count": 2,
      "pct": 0.1038961038961039,
      "name": "automobile"
    },
    "2": {
      "count": 2,
      "pct": 0.1038961038961039,
      "name": "bird"
    },
    "3": {
      "count": 61,
      "pct": 3.168831168831169,
      "name": "cat"
    },
    "4": {
      "count": 7,
      "pct": 0.36363636363636365,
      "name": "deer"
    },
    "5": {
      "count": 1,
      "pct": 0.05194805194805195,
      "name": "dog"
    },
    "6": {
      "count": 446,
      "pct": 23.16883116883117,
      "name": "frog"
    },
    "7": {
      "count": 187,
      "pct": 9.714285714285714,
      "name": "horse"
    },
    "8": {
      "count": 78,
      "pct": 4.0519480519480515,
      "name": "ship"
    },
    "9": {
      "count": 905,
      "pct": 47.01298701298701,
      "name": "truck"
    }
  },
  "test_per_class": {
    "0": {
      "count": 45,
      "pct": 9.355509355509355,
      "name": "airplane"
    },
    "1": {
      "count": 1,
      "pct": 0.2079002079002079,
      "name": "automobile"
    },
    "2": {
      "count": 1,
      "pct": 0.2079002079002079,
      "name": "bird"
    },
    "3": {
      "count": 12,
      "pct": 2.494802494802495,
      "name": "cat"
    },
    "4": {
      "count": 1,
      "pct": 0.2079002079002079,
      "name": "deer"
    },
    "5": {
      "count": 1,
      "pct": 0.2079002079002079,
      "name": "dog"
    },
    "6": {
      "count": 123,
      "pct": 25.571725571725572,
      "name": "frog"
    },
    "7": {
      "count": 50,
      "pct": 10.395010395010395,
      "name": "horse"
    },
    "8": {
      "count": 28,
      "pct": 5.8212058212058215,
      "name": "ship"
    },
    "9": {
      "count": 219,
      "pct": 45.53014553014553,
      "name": "truck"
    }
  }
}