{
  "t": 1,
  "node_id": 5847201692095485625,
  "client_id": 3,
  "num_partitions": 25,
  "alpha": 0.2,
  "n_total": 2438,
  "n_train": 1950,
  "n_test": 488,
  "train_per_class": {
    "0": {
      "count": 178,
      "pct": 9.128205128205128,
      "name": "airplane"
    },
    "1": {
      "count": 772,
      "pct": 39.58974358974359,
      "name": "automobile"
    },
    "2": {
      "count": 2,
      "pct": 0.10256410256410256,
      "name": "bird"
    },
    "3": {
      "count": 124,
      "pct": 6.358974358974359,
      "name": "cat"
    },
    "5": {
      "count": 25,
      "pct": 1.2820512820512822,
      "name": "dog"
    },
    "6": {
      "count": 214,
      "pct": 10.974358974358974,
      "name": "frog"
    },
    "7": {
      "count": 474,
      "pct": 24.307692307692307,
      "name": "horse"
    },
    "8": {
      "count": 120,
      "pct": 6.153846153846154,
      "name": "ship"
    },
    "9": {
      "count": 41,
      "pct": 2.1025641025641026,
      "name": "truck"
    }
  },
  "test_per_class": {
    "0": {
      "count": 59,
      "pct": 12.09016393442623,
      "name": "airplane"
    },
    "1": {
      "count": 181,
      "pct": 37.09016393442623,
      "name": "automobile"
    },
    "2": {
      "count": 2,
      "pct": 0.4098360655737705,
      "name": "bird"
    },
    "3": {
      "count": 27,
      "pct": 5.532786885245901,
      "name": "cat"
    },
    "5": {
      "count": 9,
      "pct": 1.8442622950819672,
      "name": "dog"
    },
    "6": {
      "count": 51,
      "pct": 10.450819672131148,
      "name": "frog"
    },
    "7": {
      "count": 112,
      "pct": 22.950819672131146,
      "name": "horse"
    },
    "8": {
      "count": 37,
      "pct": 7.581967213114754,
      "name": "ship"
    },
    "9": {
      "count": 10,
      "pct": 2.0491803278688523,
      "name": "truck"
    }
  }
}