{
  "t": 1,
  "node_id": 15065405934277766455,
  "client_id": 18,
  "num_partitions": 25,
  "alpha": 0.2,
  "n_total": 554,
  "n_train": 443,
  "n_test": 111,
  "train_per_class": {
    "1": {
      "count": 4,
      "pct": 0.9029345372460497,
      "name": "automobile"
    },
    "2": {
      "count": 24,
      "pct": 5.417607223476298,
      "name": "bird"
    },
    "4": {
      "count": 58,
      "pct": 13.09255079006772,
      "name": "deer"
    },
    "5": {
      "count": 211,
      "pct": 47.62979683972912,
      "name": "dog"
    },
    "6": {
      "count": 27,
      "pct": 6.094808126410835,
      "name": "frog"
    },
    "8": {
      "count": 119,
      "pct": 26.86230248306998,
      "name": "ship"
    }
  },
  "test_per_class": {
    "1": {
      "count": 2,
      "pct": 1.8018018018018018,
      "name": "automobile"
    },
    "2": {
      "count": 6,
      "pct": 5.405405405405405,
      "name": "bird"
    },
    "4": {
      "count": 15,
      "pct": 13.513513513513514,
      "name": "deer"
    },
    "5": {
      "count": 43,
      "pct": 38.73873873873874,
      "name": "dog"
    },
    "6": {
      "count": 8,
      "pct": 7.207207207207207,
      "name": "frog"
    },
    "8": {
      "count": 37,
      "pct": 33.333333333333336,
      "name": "ship"
    }
  }
}