{
  "t": 1,
  "node_id": 9886024375569248605,
  "client_id": 19,
  "num_partitions": 25,
  "alpha": 0.2,
  "n_total": 1516,
  "n_train": 1213,
  "n_test": 303,
  "train_per_class": {
    "0": {
      "count": 10,
      "pct": 0.8244023083264633,
      "name": "airplane"
    },
    "1": {
      "count": 92,
      "pct": 7.5845012366034625,
      "name": "automobile"
    },
    "2": {
      "count": 4,
      "pct": 0.3297609233305853,
      "name": "bird"
    },
    "3": {
      "count": 195,
      "pct": 16.075845012366035,
      "name": "cat"
    },
    "4": {
      "count": 35,
      "pct": 2.8854080791426218,
      "name": "deer"
    },
    "5": {
      "count": 48,
      "pct": 3.957131079967024,
      "name": "dog"
    },
    "6": {
      "count": 4,
      "pct": 0.3297609233305853,
      "name": "frog"
    },
    "7": {
      "count": 328,
      "pct": 27.040395713107998,
      "name": "horse"
    },
    "8": {
      "count": 19,
      "pct": 1.5663643858202803,
      "name": "ship"
    },
    "9": {
      "count": 478,
      "pct": 39.406430338004945,
      "name": "truck"
    }
  },
  "test_per_class": {
    "0": {
      "count": 5,
      "pct": 1.6501650165016502,
      "name": "airplane"
    },
    "1": {
      "count": 19,
      "pct": 6.270627062706271,
      "name": "automobile"
    },
    "2": {
      "count": 1,
      "pct": 0.33003300330033003,
      "name": "bird"
    },
    "3": {
      "count": 45,
      "pct": 14.851485148514852,
      "name": "cat"
    },
    "4": {
      "count": 9,
      "pct": 2.9702970297029703,
      "name": "deer"
    },
    "5": {
      "count": 13,
      "pct": 4.29042904290429,
      "name": "dog"
    },
    "6": {
      "count": 1,
      "pct": 0.33003300330033003,
      "name": "frog"
    },
    "7": {
      "count": 89,
      "pct": 29.372937293729372,
      "name": "horse"
    },
    "8": {
      "count": 2,
      "pct": 0.6600660066006601,
      "name": "ship"
    },
    "9": {
      "count": 119,
      "pct": 39.273927392739274,
      "name": "truck"
    }
  }
}