{
  "t": 1,
  "node_id": 11532445474525575203,
  "client_id": 15,
  "num_partitions": 25,
  "alpha": 0.2,
  "n_total": 3338,
  "n_train": 2670,
  "n_test": 668,
  "train_per_class": {
    "0": {
      "count": 3,
      "pct": 0.11235955056179775,
      "name": "airplane"
    },
    "1": {
      "count": 1,
      "pct": 0.03745318352059925,
      "name": "automobile"
    },
    "2": {
      "count": 1772,
      "pct": 66.36704119850187,
      "name": "bird"
    },
    "3": {
      "count": 1,
      "pct": 0.03745318352059925,
      "name": "cat"
    },
    "4": {
      "count": 546,
      "pct": 20.44943820224719,
      "name": "deer"
    },
    "6": {
      "count": 309,
      "pct": 11.573033707865168,
      "name": "frog"
    },
    "8": {
      "count": 34,
      "pct": 1.2734082397003745,
      "name": "ship"
    },
    "9": {
      "count": 4,
      "pct": 0.149812734082397,
      "name": "truck"
    }
  },
  "test_per_class": {
    "2": {
      "count": 445,
      "pct": 66.61676646706587,
      "name": "bird"
    },
    "4": {
      "count": 133,
      "pct": 19.910179640718564,
      "name": "deer"
    },
    "6": {
      "count": 81,
      "pct": 12.125748502994012,
      "name": "frog"
    },
    "8": {
      "count": 9,
      "pct": 1.347305389221557,
      "name": "ship"
    }
  }
}