{
  "t": 1,
  "node_id": 11572644619350758868,
  "client_id": 4,
  "num_partitions": 25,
  "alpha": 0.2,
  "n_total": 2266,
  "n_train": 1813,
  "n_test": 453,
  "train_per_class": {
    "1": {
      "count": 1,
      "pct": 0.05515719801434087,
      "name": "automobile"
    },
    "3": {
      "count": 672,
      "pct": 37.06563706563706,
      "name": "cat"
    },
    "4": {
      "count": 109,
      "pct": 6.012134583563155,
      "name": "deer"
    },
    "5": {
      "count": 75,
      "pct": 4.136789851075565,
      "name": "dog"
    },
    "6": {
      "count": 98,
      "pct": 5.405405405405405,
      "name": "frog"
    },
    "7": {
      "count": 4,
      "pct": 0.2206287920573635,
      "name": "horse"
    },
    "8": {
      "count": 129,
      "pct": 7.115278543849972,
      "name": "ship"
    },
    "9": {
      "count": 725,
      "pct": 39.98896856039713,
      "name": "truck"
    }
  },
  "test_per_class": {
    "1": {
      "count": 1,
      "pct": 0.22075055187637968,
      "name": "automobile"
    },
    "3": {
      "count": 163,
      "pct": 35.98233995584989,
      "name": "cat"
    },
    "4": {
      "count": 39,
      "pct": 8.609271523178808,
      "name": "deer"
    },
    "5": {
      "count": 18,
      "pct": 3.9735099337748343,
      "name": "dog"
    },
    "6": {
      "count": 17,
      "pct": 3.752759381898455,
      "name": "frog"
    },
    "7": {
      "count": 1,
      "pct": 0.22075055187637968,
      "name": "horse"
    },
    "8": {
      "count": 33,
      "pct": 7.28476821192053,
      "name": "ship"
    },
    "9": {
      "count": 181,
      "pct": 39.95584988962472,
      "name": "truck"
    }
  }
}