{
  "t": 1,
  "node_id": 7804975890021338345,
  "client_id": 20,
  "num_partitions": 25,
  "alpha": 0.2,
  "n_total": 959,
  "n_train": 767,
  "n_test": 192,
  "train_per_class": {
    "0": {
      "count": 306,
      "pct": 39.895697522816164,
      "name": "airplane"
    },
    "1": {
      "count": 15,
      "pct": 1.955671447196871,
      "name": "automobile"
    },
    "2": {
      "count": 15,
      "pct": 1.955671447196871,
      "name": "bird"
    },
    "3": {
      "count": 195,
      "pct": 25.423728813559322,
      "name": "cat"
    },
    "4": {
      "count": 172,
      "pct": 22.42503259452412,
      "name": "deer"
    },
    "6": {
      "count": 10,
      "pct": 1.303780964797914,
      "name": "frog"
    },
    "7": {
      "count": 33,
      "pct": 4.302477183833116,
      "name": "horse"
    },
    "8": {
      "count": 1,
      "pct": 0.1303780964797914,
      "name": "ship"
    },
    "9": {
      "count": 20,
      "pct": 2.607561929595828,
      "name": "truck"
    }
  },
  "test_per_class": {
    "0": {
      "count": 71,
      "pct": 36.979166666666664,
      "name": "airplane"
    },
    "1": {
      "count": 3,
      "pct": 1.5625,
      "name": "automobile"
    },
    "2": {
      "count": 6,
      "pct": 3.125,
      "name": "bird"
    },
    "3": {
      "count": 44,
      "pct": 22.916666666666668,
      "name": "cat"
    },
    "4": {
      "count": 46,
      "pct": 23.958333333333332,
      "name": "deer"
    },
    "6": {
      "count": 2,
      "pct": 1.0416666666666667,
      "name": "frog"
    },
    "7": {
      "count": 14,
      "pct": 7.291666666666667,
      "name": "horse"
    },
    "9": {
      "count": 6,
      "pct": 3.125,
      "name": "truck"
    }
  }
}