{
  "t": 1,
  "node_id": 13150136378320801505,
  "client_id": 9,
  "num_partitions": 25,
  "alpha": 0.2,
  "n_total": 3413,
  "n_train": 2730,
  "n_test": 683,
  "train_per_class": {
    "0": {
      "count": 296,
      "pct": 10.842490842490843,
      "name": "airplane"
    },
    "3": {
      "count": 13,
      "pct": 0.47619047619047616,
      "name": "cat"
    },
    "4": {
      "count": 18,
      "pct": 0.6593406593406593,
      "name": "deer"
    },
    "5": {
      "count": 715,
      "pct": 26.19047619047619,
      "name": "dog"
    },
    "6": {
      "count": 761,
      "pct": 27.875457875457876,
      "name": "frog"
    },
    "7": {
      "count": 785,
      "pct": 28.754578754578755,
      "name": "horse"
    },
    "8": {
      "count": 140,
      "pct": 5.128205128205129,
      "name": "ship"
    },
    "9": {
      "count": 2,
      "pct": 0.07326007326007326,
      "name": "truck"
    }
  },
  "test_per_class": {
    "0": {
      "count": 69,
      "pct": 10.102489019033674,
      "name": "airplane"
    },
    "3": {
      "count": 1,
      "pct": 0.14641288433382138,
      "name": "cat"
    },
    "4": {
      "count": 8,
      "pct": 1.171303074670571,
      "name": "deer"
    },
    "5": {
      "count": 181,
      "pct": 26.50073206442167,
      "name": "dog"
    },
    "6": {
      "count": 185,
      "pct": 27.086383601756953,
      "name": "frog"
    },
    "7": {
      "count": 189,
      "pct": 27.67203513909224,
      "name": "horse"
    },
    "8": {
      "count": 50,
      "pct": 7.320644216691069,
      "name": "ship"
    }
  }
}