{
  "t": 1,
  "node_id": 16441693356203487828,
  "client_id": 8,
  "num_partitions": 25,
  "alpha": 0.2,
  "n_total": 274,
  "n_train": 219,
  "n_test": 55,
  "train_per_class": {
    "0": {
      "count": 40,
      "pct": 18.264840182648403,
      "name": "airplane"
    },
    "1": {
      "count": 73,
      "pct": 33.333333333333336,
      "name": "automobile"
    },
    "5": {
      "count": 54,
      "pct": 24.65753424657534,
      "name": "dog"
    },
    "6": {
      "count": 1,
      "pct": 0.45662100456621,
      "name": "frog"
    },
    "7": {
      "count": 19,
      "pct": 8.67579908675799,
      "name": "horse"
    },
    "8": {
      "count": 32,
      "pct": 14.61187214611872,
      "name": "ship"
    }
  },
  "test_per_class": {
    "0": {
      "count": 9,
      "pct": 16.363636363636363,
      "name": "airplane"
    },
    "1": {
      "count": 23,
      "pct": 41.81818181818182,
      "name": "automobile"
    },
    "4": {
      "count": 1,
      "pct": 1.8181818181818181,
      "name": "deer"
    },
    "5": {
      "count": 14,
      "pct": 25.454545454545453,
      "name": "dog"
    },
    "7": {
      "count": 3,
      "pct": 5.454545454545454,
      "name": "horse"
    },
    "8": {
      "count": 5,
      "pct": 9.090909090909092,
      "name": "ship"
    }
  }
}