{
  "t": 1,
  "node_id": 3059984226699168458,
  "client_id": 10,
  "num_partitions": 25,
  "alpha": 0.2,
  "n_total": 5529,
  "n_train": 4423,
  "n_test": 1106,
  "train_per_class": {
    "0": {
      "count": 1717,
      "pct": 38.81980556183586,
      "name": "airplane"
    },
    "1": {
      "count": 1567,
      "pct": 35.42844223377798,
      "name": "automobile"
    },
    "2": {
      "count": 6,
      "pct": 0.13565453312231518,
      "name": "bird"
    },
    "3": {
      "count": 2,
      "pct": 0.04521817770743839,
      "name": "cat"
    },
    "4": {
      "count": 15,
      "pct": 0.3391363328057879,
      "name": "deer"
    },
    "5": {
      "count": 1072,
      "pct": 24.23694325118698,
      "name": "dog"
    },
    "7": {
      "count": 44,
      "pct": 0.9947999095636446,
      "name": "horse"
    }
  },
  "test_per_class": {
    "0": {
      "count": 445,
      "pct": 40.23508137432188,
      "name": "airplane"
    },
    "1": {
      "count": 368,
      "pct": 33.273056057866185,
      "name": "automobile"
    },
    "5": {
      "count": 282,
      "pct": 25.49728752260398,
      "name": "dog"
    },
    "7": {
      "count": 11,
      "pct": 0.9945750452079566,
      "name": "horse"
    }
  }
}