{
  "t": 1,
  "node_id": 6814208974406591287,
  "client_id": 11,
  "num_partitions": 25,
  "alpha": 0.2,
  "n_total": 2336,
  "n_train": 1869,
  "n_test": 467,
  "train_per_class": {
    "0": {
      "count": 206,
      "pct": 11.021936864633494,
      "name": "airplane"
    },
    "1": {
      "count": 830,
      "pct": 44.4087747458534,
      "name": "automobile"
    },
    "3": {
      "count": 11,
      "pct": 0.588550026752274,
      "name": "cat"
    },
    "5": {
      "count": 47,
      "pct": 2.5147137506688066,
      "name": "dog"
    },
    "6": {
      "count": 2,
      "pct": 0.10700909577314072,
      "name": "frog"
    },
    "7": {
      "count": 329,
      "pct": 17.60299625468165,
      "name": "horse"
    },
    "8": {
      "count": 5,
      "pct": 0.2675227394328518,
      "name": "ship"
    },
    "9": {
      "count": 439,
      "pct": 23.488496522204386,
      "name": "truck"
    }
  },
  "test_per_class": {
    "0": {
      "count": 59,
      "pct": 12.633832976445396,
      "name": "airplane"
    },
    "1": {
      "count": 200,
      "pct": 42.82655246252676,
      "name": "automobile"
    },
    "3": {
      "count": 1,
      "pct": 0.21413276231263384,
      "name": "cat"
    },
    "5": {
      "count": 11,
      "pct": 2.355460385438972,
      "name": "dog"
    },
    "6": {
      "count": 2,
      "pct": 0.4282655246252677,
      "name": "frog"
    },
    "7": {
      "count": 73,
      "pct": 15.63169164882227,
      "name": "horse"
    },
    "9": {
      "count": 121,
      "pct": 25.910064239828692,
      "name": "truck"
    }
  }
}