{
  "t": 1,
  "node_id": 12217340715864747763,
  "client_id": 12,
  "num_partitions": 25,
  "alpha": 0.2,
  "n_total": 1378,
  "n_train": 1102,
  "n_test": 276,
  "train_per_class": {
    "0": {
      "count": 15,
      "pct": 1.3611615245009074,
      "name": "airplane"
    },
    "1": {
      "count": 16,
      "pct": 1.4519056261343013,
      "name": "automobile"
    },
    "3": {
      "count": 526,
      "pct": 47.73139745916515,
      "name": "cat"
    },
    "5": {
      "count": 200,
      "pct": 18.148820326678766,
      "name": "dog"
    },
    "6": {
      "count": 82,
      "pct": 7.441016333938294,
      "name": "frog"
    },
    "7": {
      "count": 10,
      "pct": 0.9074410163339383,
      "name": "horse"
    },
    "8": {
      "count": 245,
      "pct": 22.23230490018149,
      "name": "ship"
    },
    "9": {
      "count": 8,
      "pct": 0.7259528130671506,
      "name": "truck"
    }
  },
  "test_per_class": {
    "0": {
      "count": 6,
      "pct": 2.1739130434782608,
      "name": "airplane"
    },
    "1": {
      "count": 5,
      "pct": 1.8115942028985508,
      "name": "automobile"
    },
    "3": {
      "count": 128,
      "pct": 46.3768115942029,
      "name": "cat"
    },
    "5": {
      "count": 48,
      "pct": 17.391304347826086,
      "name": "dog"
    },
    "6": {
      "count": 25,
      "pct": 9.057971014492754,
      "name": "frog"
    },
    "7": {
      "count": 1,
      "pct": 0.36231884057971014,
      "name": "horse"
    },
    "8": {
      "count": 61,
      "pct": 22.10144927536232,
      "name": "ship"
    },
    "9": {
      "count": 2,
      "pct": 0.7246376811594203,
      "name": "truck"
    }
  }
}