{
  "t": 1,
  "node_id": 7300847937700459779,
  "client_id": 6,
  "num_partitions": 25,
  "alpha": 0.2,
  "n_total": 1847,
  "n_train": 1478,
  "n_test": 369,
  "train_per_class": {
    "0": {
      "count": 76,
      "pct": 5.142083897158322,
      "name": "airplane"
    },
    "1": {
      "count": 1,
      "pct": 0.06765899864682003,
      "name": "automobile"
    },
    "2": {
      "count": 16,
      "pct": 1.0825439783491204,
      "name": "bird"
    },
    "3": {
      "count": 874,
      "pct": 59.1339648173207,
      "name": "cat"
    },
    "4": {
      "count": 56,
      "pct": 3.7889039242219216,
      "name": "deer"
    },
    "5": {
      "count": 2,
      "pct": 0.13531799729364005,
      "name": "dog"
    },
    "6": {
      "count": 86,
      "pct": 5.818673883626523,
      "name": "frog"
    },
    "7": {
      "count": 1,
      "pct": 0.06765899864682003,
      "name": "horse"
    },
    "9": {
      "count": 366,
      "pct": 24.76319350473613,
      "name": "truck"
    }
  },
  "test_per_class": {
    "0": {
      "count": 27,
      "pct": 7.317073170731708,
      "name": "airplane"
    },
    "1": {
      "count": 1,
      "pct": 0.27100271002710025,
      "name": "automobile"
    },
    "2": {
      "count": 3,
      "pct": 0.8130081300813008,
      "name": "bird"
    },
    "3": {
      "count": 204,
      "pct": 55.28455284552845,
      "name": "cat"
    },
    "4": {
      "count": 11,
      "pct": 2.9810298102981028,
      "name": "deer"
    },
    "6": {
      "count": 22,
      "pct": 5.9620596205962055,
      "name": "frog"
    },
    "9": {
      "count": 101,
      "pct": 27.37127371273713,
      "name": "truck"
    }
  }
}