{
  "t": 1,
  "node_id": 17758572806823206103,
  "client_id": 13,
  "num_partitions": 25,
  "alpha": 0.2,
  "n_total": 3049,
  "n_train": 2439,
  "n_test": 610,
  "train_per_class": {
    "2": {
      "count": 63,
      "pct": 2.5830258302583027,
      "name": "bird"
    },
    "5": {
      "count": 1,
      "pct": 0.04100041000410004,
      "name": "dog"
    },
    "6": {
      "count": 198,
      "pct": 8.118081180811808,
      "name": "frog"
    },
    "7": {
      "count": 270,
      "pct": 11.07011070110701,
      "name": "horse"
    },
    "8": {
      "count": 1814,
      "pct": 74.37474374743748,
      "name": "ship"
    },
    "9": {
      "count": 93,
      "pct": 3.8130381303813037,
      "name": "truck"
    }
  },
  "test_per_class": {
    "2": {
      "count": 22,
      "pct": 3.6065573770491803,
      "name": "bird"
    },
    "6": {
      "count": 59,
      "pct": 9.672131147540984,
      "name": "frog"
    },
    "7": {
      "count": 71,
      "pct": 11.639344262295081,
      "name": "horse"
    },
    "8": {
      "count": 439,
      "pct": 71.9672131147541,
      "name": "ship"
    },
    "9": {
      "count": 19,
      "pct": 3.1147540983606556,
      "name": "truck"
    }
  }
}