{
  "t": 1,
  "node_id": 14392287195061265753,
  "client_id": 16,
  "num_partitions": 25,
  "alpha": 0.2,
  "n_total": 1253,
  "n_train": 1002,
  "n_test": 251,
  "train_per_class": {
    "0": {
      "count": 15,
      "pct": 1.4970059880239521,
      "name": "airplane"
    },
    "1": {
      "count": 62,
      "pct": 6.187624750499002,
      "name": "automobile"
    },
    "2": {
      "count": 30,
      "pct": 2.9940119760479043,
      "name": "bird"
    },
    "3": {
      "count": 478,
      "pct": 47.70459081836327,
      "name": "cat"
    },
    "4": {
      "count": 179,
      "pct": 17.864271457085827,
      "name": "deer"
    },
    "5": {
      "count": 36,
      "pct": 3.592814371257485,
      "name": "dog"
    },
    "6": {
      "count": 1,
      "pct": 0.0998003992015968,
      "name": "frog"
    },
    "9": {
      "count": 201,
      "pct": 20.059880239520957,
      "name": "truck"
    }
  },
  "test_per_class": {
    "0": {
      "count": 7,
      "pct": 2.7888446215139444,
      "name": "airplane"
    },
    "1": {
      "count": 15,
      "pct": 5.9760956175298805,
      "name": "automobile"
    },
    "2": {
      "count": 6,
      "pct": 2.3904382470119523,
      "name": "bird"
    },
    "3": {
      "count": 118,
      "pct": 47.01195219123506,
      "name": "cat"
    },
    "4": {
      "count": 45,
      "pct": 17.92828685258964,
      "name": "deer"
    },
    "5": {
      "count": 12,
      "pct": 4.780876494023905,
      "name": "dog"
    },
    "9": {
      "count": 48,
      "pct": 19.12350597609562,
      "name": "truck"
    }
  }
}