{
  "t": 1,
  "node_id": 16062810140597946845,
  "client_id": 0,
  "num_partitions": 25,
  "alpha": 0.2,
  "n_total": 2652,
  "n_train": 2122,
  "n_test": 530,
  "train_per_class": {
    "0": {
      "count": 200,
      "pct": 9.42507068803016,
      "name": "airplane"
    },
    "2": {
      "count": 20,
      "pct": 0.942507068803016,
      "name": "bird"
    },
    "3": {
      "count": 2,
      "pct": 0.0942507068803016,
      "name": "cat"
    },
    "4": {
      "count": 1514,
      "pct": 71.34778510838831,
      "name": "deer"
    },
    "5": {
      "count": 98,
      "pct": 4.618284637134779,
      "name": "dog"
    },
    "6": {
      "count": 285,
      "pct": 13.430725730442978,
      "name": "frog"
    },
    "9": {
      "count": 3,
      "pct": 0.1413760603204524,
      "name": "truck"
    }
  },
  "test_per_class": {
    "0": {
      "count": 57,
      "pct": 10.754716981132075,
      "name": "airplane"
    },
    "2": {
      "count": 3,
      "pct": 0.5660377358490566,
      "name": "bird"
    },
    "4": {
      "count": 388,
      "pct": 73.20754716981132,
      "name": "deer"
    },
    "5": {
      "count": 20,
      "pct": 3.7735849056603774,
      "name": "dog"
    },
    "6": {
      "count": 61,
      "pct": 11.50943396226415,
      "name": "frog"
    },
    "9": {
      "count": 1,
      "pct": 0.18867924528301888,
      "name": "truck"
    }
  }
}