{
  "t": 1,
  "node_id": 11458530835867072533,
  "client_id": 2,
  "num_partitions": 25,
  "alpha": 0.2,
  "n_total": 600,
  "n_train": 480,
  "n_test": 120,
  "train_per_class": {
    "2": {
      "count": 19,
      "pct": 3.9583333333333335,
      "name": "bird"
    },
    "3": {
      "count": 9,
      "pct": 1.875,
      "name": "cat"
    },
    "5": {
      "count": 11,
      "pct": 2.2916666666666665,
      "name": "dog"
    },
    "7": {
      "count": 59,
      "pct": 12.291666666666666,
      "name": "horse"
    },
    "8": {
      "count": 266,
      "pct": 55.416666666666664,
      "name": "ship"
    },
    "9": {
      "count": 116,
      "pct": 24.166666666666668,
      "name": "truck"
    }
  },
  "test_per_class": {
    "2": {
      "count": 6,
      "pct": 5.0,
      "name": "bird"
    },
    "3": {
      "count": 2,
      "pct": 1.6666666666666667,
      "name": "cat"
    },
    "5": {
      "count": 9,
      "pct": 7.5,
      "name": "dog"
    },
    "7": {
      "count": 19,
      "pct": 15.833333333333334,
      "name": "horse"
    },
    "8": {
      "count": 63,
      "pct": 52.5,
      "name": "ship"
    },
    "9": {
      "count": 21,
      "pct": 17.5,
      "name": "truck"
    }
  }
}