{
  "t": 1,
  "node_id": 10961529217319182452,
  "client_id": 7,
  "num_partitions": 25,
  "alpha": 0.2,
  "n_total": 1046,
  "n_train": 837,
  "n_test": 209,
  "train_per_class": {
    "0": {
      "count": 15,
      "pct": 1.7921146953405018,
      "name": "airplane"
    },
    "2": {
      "count": 68,
      "pct": 8.124253285543608,
      "name": "bird"
    },
    "3": {
      "count": 267,
      "pct": 31.899641577060933,
      "name": "cat"
    },
    "7": {
      "count": 1,
      "pct": 0.11947431302270012,
      "name": "horse"
    },
    "8": {
      "count": 1,
      "pct": 0.11947431302270012,
      "name": "ship"
    },
    "9": {
      "count": 485,
      "pct": 57.94504181600956,
      "name": "truck"
    }
  },
  "test_per_class": {
    "0": {
      "count": 1,
      "pct": 0.4784688995215311,
      "name": "airplane"
    },
    "2": {
      "count": 19,
      "pct": 9.090909090909092,
      "name": "bird"
    },
    "3": {
      "count": 71,
      "pct": 33.97129186602871,
      "name": "cat"
    },
    "4": {
      "count": 1,
      "pct": 0.4784688995215311,
      "name": "deer"
    },
    "9": {
      "count": 117,
      "pct": 55.98086124401914,
      "name": "truck"
    }
  }
}