{
  "t": 1,
  "node_id": 10730302994920738085,
  "client_id": 17,
  "num_partitions": 25,
  "alpha": 0.2,
  "n_total": 1746,
  "n_train": 1397,
  "n_test": 349,
  "train_per_class": {
    "1": {
      "count": 56,
      "pct": 4.008589835361489,
      "name": "automobile"
    },
    "2": {
      "count": 1223,
      "pct": 87.54473872584109,
      "name": "bird"
    },
    "5": {
      "count": 25,
      "pct": 1.7895490336435218,
      "name": "dog"
    },
    "7": {
      "count": 88,
      "pct": 6.299212598425197,
      "name": "horse"
    },
    "8": {
      "count": 4,
      "pct": 0.2863278453829635,
      "name": "ship"
    },
    "9": {
      "count": 1,
      "pct": 0.07158196134574088,
      "name": "truck"
    }
  },
  "test_per_class": {
    "1": {
      "count": 19,
      "pct": 5.444126074498567,
      "name": "automobile"
    },
    "2": {
      "count": 297,
      "pct": 85.10028653295129,
      "name": "bird"
    },
    "5": {
      "count": 6,
      "pct": 1.7191977077363896,
      "name": "dog"
    },
    "7": {
      "count": 26,
      "pct": 7.4498567335243555,
      "name": "horse"
    },
    "8": {
      "count": 1,
      "pct": 0.28653295128939826,
      "name": "ship"
    }
  }
}