{
  "t": 1,
  "node_id": 8708721658550925499,
  "client_id": 14,
  "num_partitions": 25,
  "alpha": 0.2,
  "n_total": 4501,
  "n_train": 3601,
  "n_test": 900,
  "train_per_class": {
    "0": {
      "count": 180,
      "pct": 4.998611496806443,
      "name": "airplane"
    },
    "1": {
      "count": 293,
      "pct": 8.136628714246044,
      "name": "automobile"
    },
    "2": {
      "count": 69,
      "pct": 1.9161344071091364,
      "name": "bird"
    },
    "3": {
      "count": 415,
      "pct": 11.524576506525966,
      "name": "cat"
    },
    "4": {
      "count": 1234,
      "pct": 34.26825881699528,
      "name": "deer"
    },
    "7": {
      "count": 1355,
      "pct": 37.62843654540406,
      "name": "horse"
    },
    "8": {
      "count": 48,
      "pct": 1.3329630658150513,
      "name": "ship"
    },
    "9": {
      "count": 7,
      "pct": 0.19439044709802833,
      "name": "truck"
    }
  },
  "test_per_class": {
    "0": {
      "count": 33,
      "pct": 3.6666666666666665,
      "name": "airplane"
    },
    "1": {
      "count": 80,
      "pct": 8.88888888888889,
      "name": "automobile"
    },
    "2": {
      "count": 24,
      "pct": 2.6666666666666665,
      "name": "bird"
    },
    "3": {
      "count": 98,
      "pct": 10.88888888888889,
      "name": "cat"
    },
    "4": {
      "count": 298,
      "pct": 33.111111111111114,
      "name": "deer"
    },
    "7": {
      "count": 351,
      "pct": 39.0,
      "name": "horse"
    },
    "8": {
      "count": 14,
      "pct": 1.5555555555555556,
      "name": "ship"
    },
    "9": {
      "count": 2,
      "pct": 0.2222222222222222,
      "name": "truck"
    }
  }
}